{
  "Run": {
    "Frame0": [ 1665.0, 333.0, 1998.0, 0.0 ],
    "Frame1": [ 1998.0, 333.0, 2331.0, 0.0 ],
    "Frame2": [ 2331.0, 333.0, 2664.0, 0.0 ],
    "Frame3": [ 2664.0, 333.0, 2997.0, 0.0 ],
    "Frame4": [ 2997.0, 333.0, 3330.0, 0.0 ],
    "Frame5": [ 3330.0, 333.0, 3663.0, 0.0 ],
    "Frame6": [ 3663.0, 333.0, 3996.0, 0.0 ],
    "Frame7": [ 3996.0, 333.0, 4326.0, 0.0 ],
    "Frame8": [ 4329.0, 333.0, 4662.0, 0.0 ],
    "Frame9": [ 4662.0, 333.0, 4995.0, 0.0 ],
    "NumFrames": 10,
    "Repeating": true,
    "SecsPerFrame": 0.05
  },
  "Yump": {
    "Frame0": [ 0.0, 333.0, 333.0, 0.0 ],
    "Frame1": [ 333.0, 333.0, 666.0, 0.0 ],
    "Frame2": [ 666.0, 333.0, 999.0, 0.0 ],
    "Frame3": [ 999.0, 333.0, 1332.0, 0.0 ],
    "Frame4": [ 1332.0, 333.0, 1665.0, 0.0 ],
    "NumFrames": 5,
    "Repeating": false,
    "SecsPerFrame": 0.1
  }
}